review,category
"Bass seviyesi yeterli, müzik dinlemek keyifli.",kulaklık
"Bass seviyesi yeterli, müzik dinlemek keyifli.",kulaklık
"Ses kalitesi harika, dış sesleri çok iyi engelliyor.",kulaklık
"Bass seviyesi yeterli, müzik dinlemek keyifli.",kulaklık
"Bass seviyesi yeterli, müzik dinlemek keyifli.",kulaklık
"Bass seviyesi yeterli, müzik dinlemek keyifli.",kulaklık
"Kulağa tam oturuyor, uzun süre rahat kullanılıyor.",kulaklık
"Kulağa tam oturuyor, uzun süre rahat kullanılıyor.",kulaklık
"Ses kalitesi harika, dış sesleri çok iyi engelliyor.",kulaklık
Kablosuz bağlantısı hızlı ve stabil çalışıyor.,kulaklık
"Bass seviyesi yeterli, müzik dinlemek keyifli.",kulaklık
"Bass seviyesi yeterli, müzik dinlemek keyifli.",kulaklık
"Bass seviyesi yeterli, müzik dinlemek keyifli.",kulaklık
"Mikrofon sesi net, toplantılar için uygun.",kulaklık
"Kulağa tam oturuyor, uzun süre rahat kullanılıyor.",kulaklık
"Mikrofon sesi net, toplantılar için uygun.",kulaklık
"Ses kalitesi harika, dış sesleri çok iyi engelliyor.",kulaklık
"Mikrofon sesi net, toplantılar için uygun.",kulaklık
"Ses kalitesi harika, dış sesleri çok iyi engelliyor.",kulaklık
Kablosuz bağlantısı hızlı ve stabil çalışıyor.,kulaklık
"Mikrofon sesi net, toplantılar için uygun.",kulaklık
"Kulağa tam oturuyor, uzun süre rahat kullanılıyor.",kulaklık
"Bass seviyesi yeterli, müzik dinlemek keyifli.",kulaklık
Kablosuz bağlantısı hızlı ve stabil çalışıyor.,kulaklık
"Mikrofon sesi net, toplantılar için uygun.",kulaklık
"Kulağa tam oturuyor, uzun süre rahat kullanılıyor.",kulaklık
"Bass seviyesi yeterli, müzik dinlemek keyifli.",kulaklık
"Mikrofon sesi net, toplantılar için uygun.",kulaklık
"Ses kalitesi harika, dış sesleri çok iyi engelliyor.",kulaklık
Kablosuz bağlantısı hızlı ve stabil çalışıyor.,kulaklık
"Mikrofon sesi net, toplantılar için uygun.",kulaklık
Kablosuz bağlantısı hızlı ve stabil çalışıyor.,kulaklık
"Ses kalitesi harika, dış sesleri çok iyi engelliyor.",kulaklık
"Kulağa tam oturuyor, uzun süre rahat kullanılıyor.",kulaklık
"Bass seviyesi yeterli, müzik dinlemek keyifli.",kulaklık
Kablosuz bağlantısı hızlı ve stabil çalışıyor.,kulaklık
Kablosuz bağlantısı hızlı ve stabil çalışıyor.,kulaklık
"Kulağa tam oturuyor, uzun süre rahat kullanılıyor.",kulaklık
"Mikrofon sesi net, toplantılar için uygun.",kulaklık
"Ses kalitesi harika, dış sesleri çok iyi engelliyor.",kulaklık
"Kulağa tam oturuyor, uzun süre rahat kullanılıyor.",kulaklık
Kablosuz bağlantısı hızlı ve stabil çalışıyor.,kulaklık
Kablosuz bağlantısı hızlı ve stabil çalışıyor.,kulaklık
"Kulağa tam oturuyor, uzun süre rahat kullanılıyor.",kulaklık
"Kulağa tam oturuyor, uzun süre rahat kullanılıyor.",kulaklık
"Kulağa tam oturuyor, uzun süre rahat kullanılıyor.",kulaklık
"Ses kalitesi harika, dış sesleri çok iyi engelliyor.",kulaklık
"Kulağa tam oturuyor, uzun süre rahat kullanılıyor.",kulaklık
"Mikrofon sesi net, toplantılar için uygun.",kulaklık
"Ses kalitesi harika, dış sesleri çok iyi engelliyor.",kulaklık
"Mikrofon sesi net, toplantılar için uygun.",kulaklık
"Bass seviyesi yeterli, müzik dinlemek keyifli.",kulaklık
"Ses kalitesi harika, dış sesleri çok iyi engelliyor.",kulaklık
"Mikrofon sesi net, toplantılar için uygun.",kulaklık
"Mikrofon sesi net, toplantılar için uygun.",kulaklık
"Bass seviyesi yeterli, müzik dinlemek keyifli.",kulaklık
"Bass seviyesi yeterli, müzik dinlemek keyifli.",kulaklık
"Kulağa tam oturuyor, uzun süre rahat kullanılıyor.",kulaklık
Kablosuz bağlantısı hızlı ve stabil çalışıyor.,kulaklık
"Mikrofon sesi net, toplantılar için uygun.",kulaklık
Kablosuz bağlantısı hızlı ve stabil çalışıyor.,kulaklık
"Mikrofon sesi net, toplantılar için uygun.",kulaklık
"Mikrofon sesi net, toplantılar için uygun.",kulaklık
"Bass seviyesi yeterli, müzik dinlemek keyifli.",kulaklık
"Kulağa tam oturuyor, uzun süre rahat kullanılıyor.",kulaklık
Kablosuz bağlantısı hızlı ve stabil çalışıyor.,kulaklık
"Bass seviyesi yeterli, müzik dinlemek keyifli.",kulaklık
"Bass seviyesi yeterli, müzik dinlemek keyifli.",kulaklık
"Kulağa tam oturuyor, uzun süre rahat kullanılıyor.",kulaklık
"Ses kalitesi harika, dış sesleri çok iyi engelliyor.",kulaklık
"Kulağa tam oturuyor, uzun süre rahat kullanılıyor.",kulaklık
"Kulağa tam oturuyor, uzun süre rahat kullanılıyor.",kulaklık
"Ses kalitesi harika, dış sesleri çok iyi engelliyor.",kulaklık
"Mikrofon sesi net, toplantılar için uygun.",kulaklık
Kablosuz bağlantısı hızlı ve stabil çalışıyor.,kulaklık
Kablosuz bağlantısı hızlı ve stabil çalışıyor.,kulaklık
"Kulağa tam oturuyor, uzun süre rahat kullanılıyor.",kulaklık
"Ses kalitesi harika, dış sesleri çok iyi engelliyor.",kulaklık
"Ses kalitesi harika, dış sesleri çok iyi engelliyor.",kulaklık
"Ses kalitesi harika, dış sesleri çok iyi engelliyor.",kulaklık
"Bass seviyesi yeterli, müzik dinlemek keyifli.",kulaklık
Kablosuz bağlantısı hızlı ve stabil çalışıyor.,kulaklık
"Bass seviyesi yeterli, müzik dinlemek keyifli.",kulaklık
"Bass seviyesi yeterli, müzik dinlemek keyifli.",kulaklık
Kablosuz bağlantısı hızlı ve stabil çalışıyor.,kulaklık
"Mikrofon sesi net, toplantılar için uygun.",kulaklık
"Ses kalitesi harika, dış sesleri çok iyi engelliyor.",kulaklık
"Ses kalitesi harika, dış sesleri çok iyi engelliyor.",kulaklık
"Bass seviyesi yeterli, müzik dinlemek keyifli.",kulaklık
"Kulağa tam oturuyor, uzun süre rahat kullanılıyor.",kulaklık
"Bass seviyesi yeterli, müzik dinlemek keyifli.",kulaklık
"Bass seviyesi yeterli, müzik dinlemek keyifli.",kulaklık
Kablosuz bağlantısı hızlı ve stabil çalışıyor.,kulaklık
"Mikrofon sesi net, toplantılar için uygun.",kulaklık
"Mikrofon sesi net, toplantılar için uygun.",kulaklık
"Bass seviyesi yeterli, müzik dinlemek keyifli.",kulaklık
"Kulağa tam oturuyor, uzun süre rahat kullanılıyor.",kulaklık
Kablosuz bağlantısı hızlı ve stabil çalışıyor.,kulaklık
"Bass seviyesi yeterli, müzik dinlemek keyifli.",kulaklık
"Kulağa tam oturuyor, uzun süre rahat kullanılıyor.",kulaklık
"Bass seviyesi yeterli, müzik dinlemek keyifli.",kulaklık
"Ses kalitesi harika, dış sesleri çok iyi engelliyor.",kulaklık
"Bass seviyesi yeterli, müzik dinlemek keyifli.",kulaklık
"Kulağa tam oturuyor, uzun süre rahat kullanılıyor.",kulaklık
Kablosuz bağlantısı hızlı ve stabil çalışıyor.,kulaklık
"Ses kalitesi harika, dış sesleri çok iyi engelliyor.",kulaklık
Kablosuz bağlantısı hızlı ve stabil çalışıyor.,kulaklık
"Ses kalitesi harika, dış sesleri çok iyi engelliyor.",kulaklık
"Kulağa tam oturuyor, uzun süre rahat kullanılıyor.",kulaklık
Kablosuz bağlantısı hızlı ve stabil çalışıyor.,kulaklık
Kablosuz bağlantısı hızlı ve stabil çalışıyor.,kulaklık
"Mikrofon sesi net, toplantılar için uygun.",kulaklık
"Ses kalitesi harika, dış sesleri çok iyi engelliyor.",kulaklık
"Bass seviyesi yeterli, müzik dinlemek keyifli.",kulaklık
Kablosuz bağlantısı hızlı ve stabil çalışıyor.,kulaklık
"Kulağa tam oturuyor, uzun süre rahat kullanılıyor.",kulaklık
"Ses kalitesi harika, dış sesleri çok iyi engelliyor.",kulaklık
"Mikrofon sesi net, toplantılar için uygun.",kulaklık
Kablosuz bağlantısı hızlı ve stabil çalışıyor.,kulaklık
"Ses kalitesi harika, dış sesleri çok iyi engelliyor.",kulaklık
"Bass seviyesi yeterli, müzik dinlemek keyifli.",kulaklık
"Bass seviyesi yeterli, müzik dinlemek keyifli.",kulaklık
"Ses kalitesi harika, dış sesleri çok iyi engelliyor.",kulaklık
"Ses kalitesi harika, dış sesleri çok iyi engelliyor.",kulaklık
"Ses kalitesi harika, dış sesleri çok iyi engelliyor.",kulaklık
"Ses kalitesi harika, dış sesleri çok iyi engelliyor.",kulaklık
"Mikrofon sesi net, toplantılar için uygun.",kulaklık
Kablosuz bağlantısı hızlı ve stabil çalışıyor.,kulaklık
Kablosuz bağlantısı hızlı ve stabil çalışıyor.,kulaklık
"Ses kalitesi harika, dış sesleri çok iyi engelliyor.",kulaklık
Kablosuz bağlantısı hızlı ve stabil çalışıyor.,kulaklık
"Mikrofon sesi net, toplantılar için uygun.",kulaklık
"Kulağa tam oturuyor, uzun süre rahat kullanılıyor.",kulaklık
"Bass seviyesi yeterli, müzik dinlemek keyifli.",kulaklık
"Mikrofon sesi net, toplantılar için uygun.",kulaklık
"Bass seviyesi yeterli, müzik dinlemek keyifli.",kulaklık
"Kulağa tam oturuyor, uzun süre rahat kullanılıyor.",kulaklık
"Mikrofon sesi net, toplantılar için uygun.",kulaklık
"Bass seviyesi yeterli, müzik dinlemek keyifli.",kulaklık
"Bass seviyesi yeterli, müzik dinlemek keyifli.",kulaklık
"Kulağa tam oturuyor, uzun süre rahat kullanılıyor.",kulaklık
"Kulağa tam oturuyor, uzun süre rahat kullanılıyor.",kulaklık
"Kulağa tam oturuyor, uzun süre rahat kullanılıyor.",kulaklık
"Kulağa tam oturuyor, uzun süre rahat kullanılıyor.",kulaklık
Kablosuz bağlantısı hızlı ve stabil çalışıyor.,kulaklık
"Bass seviyesi yeterli, müzik dinlemek keyifli.",kulaklık
Kablosuz bağlantısı hızlı ve stabil çalışıyor.,kulaklık
"Ses kalitesi harika, dış sesleri çok iyi engelliyor.",kulaklık
"Ses kalitesi harika, dış sesleri çok iyi engelliyor.",kulaklık
"Mikrofon sesi net, toplantılar için uygun.",kulaklık
"Ses kalitesi harika, dış sesleri çok iyi engelliyor.",kulaklık
"Mikrofon sesi net, toplantılar için uygun.",kulaklık
"Kulağa tam oturuyor, uzun süre rahat kullanılıyor.",kulaklık
"Mikrofon sesi net, toplantılar için uygun.",kulaklık
Kablosuz bağlantısı hızlı ve stabil çalışıyor.,kulaklık
"Bass seviyesi yeterli, müzik dinlemek keyifli.",kulaklık
"Mikrofon sesi net, toplantılar için uygun.",kulaklık
"Mikrofon sesi net, toplantılar için uygun.",kulaklık
"Bass seviyesi yeterli, müzik dinlemek keyifli.",kulaklık
"Bass seviyesi yeterli, müzik dinlemek keyifli.",kulaklık
"Kulağa tam oturuyor, uzun süre rahat kullanılıyor.",kulaklık
"Kulağa tam oturuyor, uzun süre rahat kullanılıyor.",kulaklık
"Ses kalitesi harika, dış sesleri çok iyi engelliyor.",kulaklık
"Bass seviyesi yeterli, müzik dinlemek keyifli.",kulaklık
Kablosuz bağlantısı hızlı ve stabil çalışıyor.,kulaklık
"Kulağa tam oturuyor, uzun süre rahat kullanılıyor.",kulaklık
"Kulağa tam oturuyor, uzun süre rahat kullanılıyor.",kulaklık
"Kulağa tam oturuyor, uzun süre rahat kullanılıyor.",kulaklık
"Kulağa tam oturuyor, uzun süre rahat kullanılıyor.",kulaklık
"Bass seviyesi yeterli, müzik dinlemek keyifli.",kulaklık
Kablosuz bağlantısı hızlı ve stabil çalışıyor.,kulaklık
"Mikrofon sesi net, toplantılar için uygun.",kulaklık
"Ses kalitesi harika, dış sesleri çok iyi engelliyor.",kulaklık
"Kulağa tam oturuyor, uzun süre rahat kullanılıyor.",kulaklık
Kablosuz bağlantısı hızlı ve stabil çalışıyor.,kulaklık
Kablosuz bağlantısı hızlı ve stabil çalışıyor.,kulaklık
"Mikrofon sesi net, toplantılar için uygun.",kulaklık
Kablosuz bağlantısı hızlı ve stabil çalışıyor.,kulaklık
"Bass seviyesi yeterli, müzik dinlemek keyifli.",kulaklık
Kablosuz bağlantısı hızlı ve stabil çalışıyor.,kulaklık
"Ses kalitesi harika, dış sesleri çok iyi engelliyor.",kulaklık
"Mikrofon sesi net, toplantılar için uygun.",kulaklık
"Kulağa tam oturuyor, uzun süre rahat kullanılıyor.",kulaklık
"Ses kalitesi harika, dış sesleri çok iyi engelliyor.",kulaklık
"Kulağa tam oturuyor, uzun süre rahat kullanılıyor.",kulaklık
"Kulağa tam oturuyor, uzun süre rahat kullanılıyor.",kulaklık
"Bass seviyesi yeterli, müzik dinlemek keyifli.",kulaklık
"Bass seviyesi yeterli, müzik dinlemek keyifli.",kulaklık
Kablosuz bağlantısı hızlı ve stabil çalışıyor.,kulaklık
"Ses kalitesi harika, dış sesleri çok iyi engelliyor.",kulaklık
Kablosuz bağlantısı hızlı ve stabil çalışıyor.,kulaklık
"Bass seviyesi yeterli, müzik dinlemek keyifli.",kulaklık
"Bass seviyesi yeterli, müzik dinlemek keyifli.",kulaklık
"Ses kalitesi harika, dış sesleri çok iyi engelliyor.",kulaklık
"Kulağa tam oturuyor, uzun süre rahat kullanılıyor.",kulaklık
"Bass seviyesi yeterli, müzik dinlemek keyifli.",kulaklık
"Mikrofon sesi net, toplantılar için uygun.",kulaklık
"Ses kalitesi harika, dış sesleri çok iyi engelliyor.",kulaklık
"Kulağa tam oturuyor, uzun süre rahat kullanılıyor.",kulaklık
"Bass seviyesi yeterli, müzik dinlemek keyifli.",kulaklık
"Pil ömrü uzun, şarjı bir günü rahat çıkarıyor.",telefon
"Dokunmatik tepkisi hızlı, kasma yok.",telefon
"Ekran çözünürlüğü yüksek, renkler canlı.",telefon
"Kamerası çok iyi, özellikle gece çekimleri güzel.",telefon
"Pil ömrü uzun, şarjı bir günü rahat çıkarıyor.",telefon
Fiyatına göre performansı çok iyi.,telefon
Fiyatına göre performansı çok iyi.,telefon
"Ekran çözünürlüğü yüksek, renkler canlı.",telefon
"Ekran çözünürlüğü yüksek, renkler canlı.",telefon
"Dokunmatik tepkisi hızlı, kasma yok.",telefon
"Pil ömrü uzun, şarjı bir günü rahat çıkarıyor.",telefon
"Pil ömrü uzun, şarjı bir günü rahat çıkarıyor.",telefon
"Pil ömrü uzun, şarjı bir günü rahat çıkarıyor.",telefon
Fiyatına göre performansı çok iyi.,telefon
"Ekran çözünürlüğü yüksek, renkler canlı.",telefon
"Ekran çözünürlüğü yüksek, renkler canlı.",telefon
"Ekran çözünürlüğü yüksek, renkler canlı.",telefon
"Kamerası çok iyi, özellikle gece çekimleri güzel.",telefon
Fiyatına göre performansı çok iyi.,telefon
Fiyatına göre performansı çok iyi.,telefon
Fiyatına göre performansı çok iyi.,telefon
"Kamerası çok iyi, özellikle gece çekimleri güzel.",telefon
Fiyatına göre performansı çok iyi.,telefon
Fiyatına göre performansı çok iyi.,telefon
"Ekran çözünürlüğü yüksek, renkler canlı.",telefon
"Kamerası çok iyi, özellikle gece çekimleri güzel.",telefon
"Ekran çözünürlüğü yüksek, renkler canlı.",telefon
"Pil ömrü uzun, şarjı bir günü rahat çıkarıyor.",telefon
"Ekran çözünürlüğü yüksek, renkler canlı.",telefon
Fiyatına göre performansı çok iyi.,telefon
"Dokunmatik tepkisi hızlı, kasma yok.",telefon
Fiyatına göre performansı çok iyi.,telefon
"Kamerası çok iyi, özellikle gece çekimleri güzel.",telefon
"Kamerası çok iyi, özellikle gece çekimleri güzel.",telefon
"Dokunmatik tepkisi hızlı, kasma yok.",telefon
"Pil ömrü uzun, şarjı bir günü rahat çıkarıyor.",telefon
"Kamerası çok iyi, özellikle gece çekimleri güzel.",telefon
"Dokunmatik tepkisi hızlı, kasma yok.",telefon
"Kamerası çok iyi, özellikle gece çekimleri güzel.",telefon
Fiyatına göre performansı çok iyi.,telefon
"Ekran çözünürlüğü yüksek, renkler canlı.",telefon
Fiyatına göre performansı çok iyi.,telefon
Fiyatına göre performansı çok iyi.,telefon
"Kamerası çok iyi, özellikle gece çekimleri güzel.",telefon
"Ekran çözünürlüğü yüksek, renkler canlı.",telefon
"Ekran çözünürlüğü yüksek, renkler canlı.",telefon
"Pil ömrü uzun, şarjı bir günü rahat çıkarıyor.",telefon
"Dokunmatik tepkisi hızlı, kasma yok.",telefon
Fiyatına göre performansı çok iyi.,telefon
"Dokunmatik tepkisi hızlı, kasma yok.",telefon
"Pil ömrü uzun, şarjı bir günü rahat çıkarıyor.",telefon
"Pil ömrü uzun, şarjı bir günü rahat çıkarıyor.",telefon
Fiyatına göre performansı çok iyi.,telefon
Fiyatına göre performansı çok iyi.,telefon
"Dokunmatik tepkisi hızlı, kasma yok.",telefon
"Kamerası çok iyi, özellikle gece çekimleri güzel.",telefon
"Ekran çözünürlüğü yüksek, renkler canlı.",telefon
"Dokunmatik tepkisi hızlı, kasma yok.",telefon
"Dokunmatik tepkisi hızlı, kasma yok.",telefon
"Kamerası çok iyi, özellikle gece çekimleri güzel.",telefon
"Pil ömrü uzun, şarjı bir günü rahat çıkarıyor.",telefon
"Pil ömrü uzun, şarjı bir günü rahat çıkarıyor.",telefon
"Ekran çözünürlüğü yüksek, renkler canlı.",telefon
"Ekran çözünürlüğü yüksek, renkler canlı.",telefon
"Kamerası çok iyi, özellikle gece çekimleri güzel.",telefon
Fiyatına göre performansı çok iyi.,telefon
"Dokunmatik tepkisi hızlı, kasma yok.",telefon
"Pil ömrü uzun, şarjı bir günü rahat çıkarıyor.",telefon
"Ekran çözünürlüğü yüksek, renkler canlı.",telefon
Fiyatına göre performansı çok iyi.,telefon
"Dokunmatik tepkisi hızlı, kasma yok.",telefon
Fiyatına göre performansı çok iyi.,telefon
"Dokunmatik tepkisi hızlı, kasma yok.",telefon
"Dokunmatik tepkisi hızlı, kasma yok.",telefon
"Pil ömrü uzun, şarjı bir günü rahat çıkarıyor.",telefon
"Pil ömrü uzun, şarjı bir günü rahat çıkarıyor.",telefon
"Ekran çözünürlüğü yüksek, renkler canlı.",telefon
"Pil ömrü uzun, şarjı bir günü rahat çıkarıyor.",telefon
"Dokunmatik tepkisi hızlı, kasma yok.",telefon
"Kamerası çok iyi, özellikle gece çekimleri güzel.",telefon
"Dokunmatik tepkisi hızlı, kasma yok.",telefon
"Ekran çözünürlüğü yüksek, renkler canlı.",telefon
"Dokunmatik tepkisi hızlı, kasma yok.",telefon
"Kamerası çok iyi, özellikle gece çekimleri güzel.",telefon
"Pil ömrü uzun, şarjı bir günü rahat çıkarıyor.",telefon
"Ekran çözünürlüğü yüksek, renkler canlı.",telefon
"Pil ömrü uzun, şarjı bir günü rahat çıkarıyor.",telefon
"Ekran çözünürlüğü yüksek, renkler canlı.",telefon
"Ekran çözünürlüğü yüksek, renkler canlı.",telefon
"Kamerası çok iyi, özellikle gece çekimleri güzel.",telefon
Fiyatına göre performansı çok iyi.,telefon
Fiyatına göre performansı çok iyi.,telefon
"Ekran çözünürlüğü yüksek, renkler canlı.",telefon
"Dokunmatik tepkisi hızlı, kasma yok.",telefon
"Dokunmatik tepkisi hızlı, kasma yok.",telefon
"Dokunmatik tepkisi hızlı, kasma yok.",telefon
Fiyatına göre performansı çok iyi.,telefon
Fiyatına göre performansı çok iyi.,telefon
Fiyatına göre performansı çok iyi.,telefon
"Pil ömrü uzun, şarjı bir günü rahat çıkarıyor.",telefon
"Kamerası çok iyi, özellikle gece çekimleri güzel.",telefon
"Dokunmatik tepkisi hızlı, kasma yok.",telefon
Fiyatına göre performansı çok iyi.,telefon
"Pil ömrü uzun, şarjı bir günü rahat çıkarıyor.",telefon
"Kamerası çok iyi, özellikle gece çekimleri güzel.",telefon
"Pil ömrü uzun, şarjı bir günü rahat çıkarıyor.",telefon
"Kamerası çok iyi, özellikle gece çekimleri güzel.",telefon
"Ekran çözünürlüğü yüksek, renkler canlı.",telefon
"Dokunmatik tepkisi hızlı, kasma yok.",telefon
"Dokunmatik tepkisi hızlı, kasma yok.",telefon
"Pil ömrü uzun, şarjı bir günü rahat çıkarıyor.",telefon
"Pil ömrü uzun, şarjı bir günü rahat çıkarıyor.",telefon
"Pil ömrü uzun, şarjı bir günü rahat çıkarıyor.",telefon
Fiyatına göre performansı çok iyi.,telefon
"Ekran çözünürlüğü yüksek, renkler canlı.",telefon
"Dokunmatik tepkisi hızlı, kasma yok.",telefon
Fiyatına göre performansı çok iyi.,telefon
"Kamerası çok iyi, özellikle gece çekimleri güzel.",telefon
"Pil ömrü uzun, şarjı bir günü rahat çıkarıyor.",telefon
"Dokunmatik tepkisi hızlı, kasma yok.",telefon
"Kamerası çok iyi, özellikle gece çekimleri güzel.",telefon
"Dokunmatik tepkisi hızlı, kasma yok.",telefon
"Ekran çözünürlüğü yüksek, renkler canlı.",telefon
"Pil ömrü uzun, şarjı bir günü rahat çıkarıyor.",telefon
"Ekran çözünürlüğü yüksek, renkler canlı.",telefon
"Ekran çözünürlüğü yüksek, renkler canlı.",telefon
"Ekran çözünürlüğü yüksek, renkler canlı.",telefon
"Ekran çözünürlüğü yüksek, renkler canlı.",telefon
Fiyatına göre performansı çok iyi.,telefon
"Dokunmatik tepkisi hızlı, kasma yok.",telefon
"Ekran çözünürlüğü yüksek, renkler canlı.",telefon
"Ekran çözünürlüğü yüksek, renkler canlı.",telefon
"Pil ömrü uzun, şarjı bir günü rahat çıkarıyor.",telefon
"Ekran çözünürlüğü yüksek, renkler canlı.",telefon
"Pil ömrü uzun, şarjı bir günü rahat çıkarıyor.",telefon
Fiyatına göre performansı çok iyi.,telefon
Fiyatına göre performansı çok iyi.,telefon
"Pil ömrü uzun, şarjı bir günü rahat çıkarıyor.",telefon
"Pil ömrü uzun, şarjı bir günü rahat çıkarıyor.",telefon
"Pil ömrü uzun, şarjı bir günü rahat çıkarıyor.",telefon
Fiyatına göre performansı çok iyi.,telefon
"Pil ömrü uzun, şarjı bir günü rahat çıkarıyor.",telefon
"Pil ömrü uzun, şarjı bir günü rahat çıkarıyor.",telefon
"Pil ömrü uzun, şarjı bir günü rahat çıkarıyor.",telefon
"Kamerası çok iyi, özellikle gece çekimleri güzel.",telefon
"Pil ömrü uzun, şarjı bir günü rahat çıkarıyor.",telefon
"Pil ömrü uzun, şarjı bir günü rahat çıkarıyor.",telefon
"Ekran çözünürlüğü yüksek, renkler canlı.",telefon
Fiyatına göre performansı çok iyi.,telefon
"Kamerası çok iyi, özellikle gece çekimleri güzel.",telefon
"Kamerası çok iyi, özellikle gece çekimleri güzel.",telefon
"Ekran çözünürlüğü yüksek, renkler canlı.",telefon
"Pil ömrü uzun, şarjı bir günü rahat çıkarıyor.",telefon
"Dokunmatik tepkisi hızlı, kasma yok.",telefon
Fiyatına göre performansı çok iyi.,telefon
"Ekran çözünürlüğü yüksek, renkler canlı.",telefon
"Dokunmatik tepkisi hızlı, kasma yok.",telefon
Fiyatına göre performansı çok iyi.,telefon
"Ekran çözünürlüğü yüksek, renkler canlı.",telefon
"Ekran çözünürlüğü yüksek, renkler canlı.",telefon
"Kamerası çok iyi, özellikle gece çekimleri güzel.",telefon
"Ekran çözünürlüğü yüksek, renkler canlı.",telefon
"Pil ömrü uzun, şarjı bir günü rahat çıkarıyor.",telefon
"Ekran çözünürlüğü yüksek, renkler canlı.",telefon
"Kamerası çok iyi, özellikle gece çekimleri güzel.",telefon
"Dokunmatik tepkisi hızlı, kasma yok.",telefon
"Ekran çözünürlüğü yüksek, renkler canlı.",telefon
"Dokunmatik tepkisi hızlı, kasma yok.",telefon
"Kamerası çok iyi, özellikle gece çekimleri güzel.",telefon
Fiyatına göre performansı çok iyi.,telefon
"Pil ömrü uzun, şarjı bir günü rahat çıkarıyor.",telefon
"Dokunmatik tepkisi hızlı, kasma yok.",telefon
"Ekran çözünürlüğü yüksek, renkler canlı.",telefon
Fiyatına göre performansı çok iyi.,telefon
"Kamerası çok iyi, özellikle gece çekimleri güzel.",telefon
"Kamerası çok iyi, özellikle gece çekimleri güzel.",telefon
"Pil ömrü uzun, şarjı bir günü rahat çıkarıyor.",telefon
"Dokunmatik tepkisi hızlı, kasma yok.",telefon
Fiyatına göre performansı çok iyi.,telefon
"Ekran çözünürlüğü yüksek, renkler canlı.",telefon
"Pil ömrü uzun, şarjı bir günü rahat çıkarıyor.",telefon
"Kamerası çok iyi, özellikle gece çekimleri güzel.",telefon
"Dokunmatik tepkisi hızlı, kasma yok.",telefon
"Pil ömrü uzun, şarjı bir günü rahat çıkarıyor.",telefon
"Ekran çözünürlüğü yüksek, renkler canlı.",telefon
Fiyatına göre performansı çok iyi.,telefon
"Ekran çözünürlüğü yüksek, renkler canlı.",telefon
"Kamerası çok iyi, özellikle gece çekimleri güzel.",telefon
"Ekran çözünürlüğü yüksek, renkler canlı.",telefon
"Pil ömrü uzun, şarjı bir günü rahat çıkarıyor.",telefon
"Pil ömrü uzun, şarjı bir günü rahat çıkarıyor.",telefon
"Pil ömrü uzun, şarjı bir günü rahat çıkarıyor.",telefon
"Dokunmatik tepkisi hızlı, kasma yok.",telefon
"Pil ömrü uzun, şarjı bir günü rahat çıkarıyor.",telefon
"Pil ömrü uzun, şarjı bir günü rahat çıkarıyor.",telefon
"Pil ömrü uzun, şarjı bir günü rahat çıkarıyor.",telefon
"Dokunmatik tepkisi hızlı, kasma yok.",telefon
"Dokunmatik tepkisi hızlı, kasma yok.",telefon
"Kamerası çok iyi, özellikle gece çekimleri güzel.",telefon
"Pil ömrü uzun, şarjı bir günü rahat çıkarıyor.",telefon
"Sayfalar kaliteli, yazı puntosu ideal.",kitap
"Kurgusu sürükleyici, bir solukta bitirdim.",kitap
"Sayfalar kaliteli, yazı puntosu ideal.",kitap
"Kurgusu sürükleyici, bir solukta bitirdim.",kitap
"Dil sade, anlaşılır bir anlatım var.",kitap
Konusu düşündürücü ve ilgi çekiciydi.,kitap
Konusu düşündürücü ve ilgi çekiciydi.,kitap
"Kurgusu sürükleyici, bir solukta bitirdim.",kitap
"Dil sade, anlaşılır bir anlatım var.",kitap
"Kurgusu sürükleyici, bir solukta bitirdim.",kitap
Konusu düşündürücü ve ilgi çekiciydi.,kitap
"Kurgusu sürükleyici, bir solukta bitirdim.",kitap
"Dil sade, anlaşılır bir anlatım var.",kitap
"Dil sade, anlaşılır bir anlatım var.",kitap
Konusu düşündürücü ve ilgi çekiciydi.,kitap
Tarihi olayları güzel özetlemiş.,kitap
"Kurgusu sürükleyici, bir solukta bitirdim.",kitap
Konusu düşündürücü ve ilgi çekiciydi.,kitap
"Sayfalar kaliteli, yazı puntosu ideal.",kitap
Tarihi olayları güzel özetlemiş.,kitap
Konusu düşündürücü ve ilgi çekiciydi.,kitap
"Dil sade, anlaşılır bir anlatım var.",kitap
"Dil sade, anlaşılır bir anlatım var.",kitap
"Kurgusu sürükleyici, bir solukta bitirdim.",kitap
"Dil sade, anlaşılır bir anlatım var.",kitap
"Dil sade, anlaşılır bir anlatım var.",kitap
"Kurgusu sürükleyici, bir solukta bitirdim.",kitap
"Dil sade, anlaşılır bir anlatım var.",kitap
"Dil sade, anlaşılır bir anlatım var.",kitap
Konusu düşündürücü ve ilgi çekiciydi.,kitap
"Kurgusu sürükleyici, bir solukta bitirdim.",kitap
Tarihi olayları güzel özetlemiş.,kitap
Tarihi olayları güzel özetlemiş.,kitap
"Dil sade, anlaşılır bir anlatım var.",kitap
Konusu düşündürücü ve ilgi çekiciydi.,kitap
"Kurgusu sürükleyici, bir solukta bitirdim.",kitap
"Sayfalar kaliteli, yazı puntosu ideal.",kitap
"Dil sade, anlaşılır bir anlatım var.",kitap
Konusu düşündürücü ve ilgi çekiciydi.,kitap
"Sayfalar kaliteli, yazı puntosu ideal.",kitap
Konusu düşündürücü ve ilgi çekiciydi.,kitap
Tarihi olayları güzel özetlemiş.,kitap
"Sayfalar kaliteli, yazı puntosu ideal.",kitap
"Sayfalar kaliteli, yazı puntosu ideal.",kitap
"Dil sade, anlaşılır bir anlatım var.",kitap
"Sayfalar kaliteli, yazı puntosu ideal.",kitap
Tarihi olayları güzel özetlemiş.,kitap
Konusu düşündürücü ve ilgi çekiciydi.,kitap
Konusu düşündürücü ve ilgi çekiciydi.,kitap
"Dil sade, anlaşılır bir anlatım var.",kitap
"Dil sade, anlaşılır bir anlatım var.",kitap
"Sayfalar kaliteli, yazı puntosu ideal.",kitap
"Kurgusu sürükleyici, bir solukta bitirdim.",kitap
Tarihi olayları güzel özetlemiş.,kitap
"Dil sade, anlaşılır bir anlatım var.",kitap
Tarihi olayları güzel özetlemiş.,kitap
"Sayfalar kaliteli, yazı puntosu ideal.",kitap
"Kurgusu sürükleyici, bir solukta bitirdim.",kitap
Konusu düşündürücü ve ilgi çekiciydi.,kitap
"Sayfalar kaliteli, yazı puntosu ideal.",kitap
Konusu düşündürücü ve ilgi çekiciydi.,kitap
"Dil sade, anlaşılır bir anlatım var.",kitap
"Dil sade, anlaşılır bir anlatım var.",kitap
Konusu düşündürücü ve ilgi çekiciydi.,kitap
Tarihi olayları güzel özetlemiş.,kitap
"Dil sade, anlaşılır bir anlatım var.",kitap
"Sayfalar kaliteli, yazı puntosu ideal.",kitap
Konusu düşündürücü ve ilgi çekiciydi.,kitap
"Kurgusu sürükleyici, bir solukta bitirdim.",kitap
Tarihi olayları güzel özetlemiş.,kitap
Konusu düşündürücü ve ilgi çekiciydi.,kitap
Tarihi olayları güzel özetlemiş.,kitap
"Dil sade, anlaşılır bir anlatım var.",kitap
"Kurgusu sürükleyici, bir solukta bitirdim.",kitap
Tarihi olayları güzel özetlemiş.,kitap
"Kurgusu sürükleyici, bir solukta bitirdim.",kitap
"Kurgusu sürükleyici, bir solukta bitirdim.",kitap
Konusu düşündürücü ve ilgi çekiciydi.,kitap
Konusu düşündürücü ve ilgi çekiciydi.,kitap
Tarihi olayları güzel özetlemiş.,kitap
"Sayfalar kaliteli, yazı puntosu ideal.",kitap
"Dil sade, anlaşılır bir anlatım var.",kitap
Tarihi olayları güzel özetlemiş.,kitap
Konusu düşündürücü ve ilgi çekiciydi.,kitap
"Sayfalar kaliteli, yazı puntosu ideal.",kitap
"Kurgusu sürükleyici, bir solukta bitirdim.",kitap
"Dil sade, anlaşılır bir anlatım var.",kitap
Tarihi olayları güzel özetlemiş.,kitap
Tarihi olayları güzel özetlemiş.,kitap
Tarihi olayları güzel özetlemiş.,kitap
"Sayfalar kaliteli, yazı puntosu ideal.",kitap
"Dil sade, anlaşılır bir anlatım var.",kitap
"Kurgusu sürükleyici, bir solukta bitirdim.",kitap
Konusu düşündürücü ve ilgi çekiciydi.,kitap
"Dil sade, anlaşılır bir anlatım var.",kitap
"Sayfalar kaliteli, yazı puntosu ideal.",kitap
Tarihi olayları güzel özetlemiş.,kitap
"Kurgusu sürükleyici, bir solukta bitirdim.",kitap
Konusu düşündürücü ve ilgi çekiciydi.,kitap
Konusu düşündürücü ve ilgi çekiciydi.,kitap
Tarihi olayları güzel özetlemiş.,kitap
Tarihi olayları güzel özetlemiş.,kitap
"Sayfalar kaliteli, yazı puntosu ideal.",kitap
Tarihi olayları güzel özetlemiş.,kitap
"Sayfalar kaliteli, yazı puntosu ideal.",kitap
Tarihi olayları güzel özetlemiş.,kitap
"Sayfalar kaliteli, yazı puntosu ideal.",kitap
"Dil sade, anlaşılır bir anlatım var.",kitap
"Sayfalar kaliteli, yazı puntosu ideal.",kitap
Tarihi olayları güzel özetlemiş.,kitap
"Kurgusu sürükleyici, bir solukta bitirdim.",kitap
"Sayfalar kaliteli, yazı puntosu ideal.",kitap
Tarihi olayları güzel özetlemiş.,kitap
"Dil sade, anlaşılır bir anlatım var.",kitap
"Dil sade, anlaşılır bir anlatım var.",kitap
"Sayfalar kaliteli, yazı puntosu ideal.",kitap
Konusu düşündürücü ve ilgi çekiciydi.,kitap
"Dil sade, anlaşılır bir anlatım var.",kitap
"Sayfalar kaliteli, yazı puntosu ideal.",kitap
Konusu düşündürücü ve ilgi çekiciydi.,kitap
"Dil sade, anlaşılır bir anlatım var.",kitap
Tarihi olayları güzel özetlemiş.,kitap
"Dil sade, anlaşılır bir anlatım var.",kitap
Konusu düşündürücü ve ilgi çekiciydi.,kitap
Konusu düşündürücü ve ilgi çekiciydi.,kitap
Konusu düşündürücü ve ilgi çekiciydi.,kitap
Tarihi olayları güzel özetlemiş.,kitap
"Kurgusu sürükleyici, bir solukta bitirdim.",kitap
"Kurgusu sürükleyici, bir solukta bitirdim.",kitap
Tarihi olayları güzel özetlemiş.,kitap
Tarihi olayları güzel özetlemiş.,kitap
Konusu düşündürücü ve ilgi çekiciydi.,kitap
"Kurgusu sürükleyici, bir solukta bitirdim.",kitap
Konusu düşündürücü ve ilgi çekiciydi.,kitap
"Dil sade, anlaşılır bir anlatım var.",kitap
"Kurgusu sürükleyici, bir solukta bitirdim.",kitap
Konusu düşündürücü ve ilgi çekiciydi.,kitap
"Dil sade, anlaşılır bir anlatım var.",kitap
"Kurgusu sürükleyici, bir solukta bitirdim.",kitap
"Sayfalar kaliteli, yazı puntosu ideal.",kitap
Konusu düşündürücü ve ilgi çekiciydi.,kitap
"Dil sade, anlaşılır bir anlatım var.",kitap
"Sayfalar kaliteli, yazı puntosu ideal.",kitap
Tarihi olayları güzel özetlemiş.,kitap
"Kurgusu sürükleyici, bir solukta bitirdim.",kitap
Tarihi olayları güzel özetlemiş.,kitap
Konusu düşündürücü ve ilgi çekiciydi.,kitap
Tarihi olayları güzel özetlemiş.,kitap
"Kurgusu sürükleyici, bir solukta bitirdim.",kitap
Konusu düşündürücü ve ilgi çekiciydi.,kitap
"Kurgusu sürükleyici, bir solukta bitirdim.",kitap
Tarihi olayları güzel özetlemiş.,kitap
"Kurgusu sürükleyici, bir solukta bitirdim.",kitap
Konusu düşündürücü ve ilgi çekiciydi.,kitap
Konusu düşündürücü ve ilgi çekiciydi.,kitap
"Dil sade, anlaşılır bir anlatım var.",kitap
Tarihi olayları güzel özetlemiş.,kitap
Konusu düşündürücü ve ilgi çekiciydi.,kitap
"Sayfalar kaliteli, yazı puntosu ideal.",kitap
"Kurgusu sürükleyici, bir solukta bitirdim.",kitap
"Dil sade, anlaşılır bir anlatım var.",kitap
"Kurgusu sürükleyici, bir solukta bitirdim.",kitap
Tarihi olayları güzel özetlemiş.,kitap
"Dil sade, anlaşılır bir anlatım var.",kitap
"Sayfalar kaliteli, yazı puntosu ideal.",kitap
Tarihi olayları güzel özetlemiş.,kitap
"Sayfalar kaliteli, yazı puntosu ideal.",kitap
"Dil sade, anlaşılır bir anlatım var.",kitap
"Sayfalar kaliteli, yazı puntosu ideal.",kitap
Konusu düşündürücü ve ilgi çekiciydi.,kitap
"Sayfalar kaliteli, yazı puntosu ideal.",kitap
"Kurgusu sürükleyici, bir solukta bitirdim.",kitap
Tarihi olayları güzel özetlemiş.,kitap
"Dil sade, anlaşılır bir anlatım var.",kitap
Tarihi olayları güzel özetlemiş.,kitap
"Kurgusu sürükleyici, bir solukta bitirdim.",kitap
"Kurgusu sürükleyici, bir solukta bitirdim.",kitap
Tarihi olayları güzel özetlemiş.,kitap
Konusu düşündürücü ve ilgi çekiciydi.,kitap
"Kurgusu sürükleyici, bir solukta bitirdim.",kitap
"Sayfalar kaliteli, yazı puntosu ideal.",kitap
Tarihi olayları güzel özetlemiş.,kitap
Tarihi olayları güzel özetlemiş.,kitap
Tarihi olayları güzel özetlemiş.,kitap
Tarihi olayları güzel özetlemiş.,kitap
"Kurgusu sürükleyici, bir solukta bitirdim.",kitap
"Kurgusu sürükleyici, bir solukta bitirdim.",kitap
"Kurgusu sürükleyici, bir solukta bitirdim.",kitap
Tarihi olayları güzel özetlemiş.,kitap
"Dil sade, anlaşılır bir anlatım var.",kitap
Konusu düşündürücü ve ilgi çekiciydi.,kitap
"Kurgusu sürükleyici, bir solukta bitirdim.",kitap
"Sayfalar kaliteli, yazı puntosu ideal.",kitap
"Dil sade, anlaşılır bir anlatım var.",kitap
Tarihi olayları güzel özetlemiş.,kitap
"Dil sade, anlaşılır bir anlatım var.",kitap
"Sayfalar kaliteli, yazı puntosu ideal.",kitap
"Dil sade, anlaşılır bir anlatım var.",kitap
"Kurgusu sürükleyici, bir solukta bitirdim.",kitap
Tarihi olayları güzel özetlemiş.,kitap
"Kumaşı yumuşak, terletmiyor.",giyim
"Kumaşı yumuşak, terletmiyor.",giyim
Renk görseldekiyle birebir.,giyim
"Beden tam oldu, kalıbı düzgün.",giyim
"Beden tam oldu, kalıbı düzgün.",giyim
Renk görseldekiyle birebir.,giyim
"Kargosu hızlı geldi, paketleme özenliydi.",giyim
Renk görseldekiyle birebir.,giyim
"Kargosu hızlı geldi, paketleme özenliydi.",giyim
"Kargosu hızlı geldi, paketleme özenliydi.",giyim
"Kargosu hızlı geldi, paketleme özenliydi.",giyim
"Beden tam oldu, kalıbı düzgün.",giyim
"Dikişleri sağlam, kaliteli hissettiriyor.",giyim
"Kumaşı yumuşak, terletmiyor.",giyim
"Kumaşı yumuşak, terletmiyor.",giyim
"Beden tam oldu, kalıbı düzgün.",giyim
"Kumaşı yumuşak, terletmiyor.",giyim
"Beden tam oldu, kalıbı düzgün.",giyim
"Beden tam oldu, kalıbı düzgün.",giyim
"Kumaşı yumuşak, terletmiyor.",giyim
Renk görseldekiyle birebir.,giyim
Renk görseldekiyle birebir.,giyim
"Kumaşı yumuşak, terletmiyor.",giyim
"Kumaşı yumuşak, terletmiyor.",giyim
"Kumaşı yumuşak, terletmiyor.",giyim
"Dikişleri sağlam, kaliteli hissettiriyor.",giyim
"Beden tam oldu, kalıbı düzgün.",giyim
"Kumaşı yumuşak, terletmiyor.",giyim
"Dikişleri sağlam, kaliteli hissettiriyor.",giyim
"Beden tam oldu, kalıbı düzgün.",giyim
"Beden tam oldu, kalıbı düzgün.",giyim
"Dikişleri sağlam, kaliteli hissettiriyor.",giyim
"Beden tam oldu, kalıbı düzgün.",giyim
"Beden tam oldu, kalıbı düzgün.",giyim
"Kumaşı yumuşak, terletmiyor.",giyim
"Beden tam oldu, kalıbı düzgün.",giyim
"Kumaşı yumuşak, terletmiyor.",giyim
Renk görseldekiyle birebir.,giyim
"Kargosu hızlı geldi, paketleme özenliydi.",giyim
"Dikişleri sağlam, kaliteli hissettiriyor.",giyim
"Kumaşı yumuşak, terletmiyor.",giyim
Renk görseldekiyle birebir.,giyim
"Beden tam oldu, kalıbı düzgün.",giyim
"Beden tam oldu, kalıbı düzgün.",giyim
"Kargosu hızlı geldi, paketleme özenliydi.",giyim
"Kumaşı yumuşak, terletmiyor.",giyim
"Kumaşı yumuşak, terletmiyor.",giyim
"Kargosu hızlı geldi, paketleme özenliydi.",giyim
"Beden tam oldu, kalıbı düzgün.",giyim
"Beden tam oldu, kalıbı düzgün.",giyim
"Beden tam oldu, kalıbı düzgün.",giyim
"Dikişleri sağlam, kaliteli hissettiriyor.",giyim
Renk görseldekiyle birebir.,giyim
Renk görseldekiyle birebir.,giyim
"Dikişleri sağlam, kaliteli hissettiriyor.",giyim
"Kumaşı yumuşak, terletmiyor.",giyim
Renk görseldekiyle birebir.,giyim
"Beden tam oldu, kalıbı düzgün.",giyim
"Dikişleri sağlam, kaliteli hissettiriyor.",giyim
"Kargosu hızlı geldi, paketleme özenliydi.",giyim
"Kumaşı yumuşak, terletmiyor.",giyim
"Kumaşı yumuşak, terletmiyor.",giyim
"Kargosu hızlı geldi, paketleme özenliydi.",giyim
Renk görseldekiyle birebir.,giyim
"Kargosu hızlı geldi, paketleme özenliydi.",giyim
"Kargosu hızlı geldi, paketleme özenliydi.",giyim
"Beden tam oldu, kalıbı düzgün.",giyim
"Beden tam oldu, kalıbı düzgün.",giyim
"Dikişleri sağlam, kaliteli hissettiriyor.",giyim
"Kargosu hızlı geldi, paketleme özenliydi.",giyim
"Dikişleri sağlam, kaliteli hissettiriyor.",giyim
"Dikişleri sağlam, kaliteli hissettiriyor.",giyim
"Kumaşı yumuşak, terletmiyor.",giyim
"Kargosu hızlı geldi, paketleme özenliydi.",giyim
"Beden tam oldu, kalıbı düzgün.",giyim
"Beden tam oldu, kalıbı düzgün.",giyim
"Beden tam oldu, kalıbı düzgün.",giyim
"Kumaşı yumuşak, terletmiyor.",giyim
Renk görseldekiyle birebir.,giyim
"Kumaşı yumuşak, terletmiyor.",giyim
"Beden tam oldu, kalıbı düzgün.",giyim
"Beden tam oldu, kalıbı düzgün.",giyim
Renk görseldekiyle birebir.,giyim
Renk görseldekiyle birebir.,giyim
"Beden tam oldu, kalıbı düzgün.",giyim
Renk görseldekiyle birebir.,giyim
"Dikişleri sağlam, kaliteli hissettiriyor.",giyim
"Dikişleri sağlam, kaliteli hissettiriyor.",giyim
"Kargosu hızlı geldi, paketleme özenliydi.",giyim
"Kargosu hızlı geldi, paketleme özenliydi.",giyim
"Kargosu hızlı geldi, paketleme özenliydi.",giyim
"Beden tam oldu, kalıbı düzgün.",giyim
"Beden tam oldu, kalıbı düzgün.",giyim
"Kargosu hızlı geldi, paketleme özenliydi.",giyim
"Kargosu hızlı geldi, paketleme özenliydi.",giyim
"Kargosu hızlı geldi, paketleme özenliydi.",giyim
"Kumaşı yumuşak, terletmiyor.",giyim
"Kargosu hızlı geldi, paketleme özenliydi.",giyim
"Kumaşı yumuşak, terletmiyor.",giyim
"Beden tam oldu, kalıbı düzgün.",giyim
Renk görseldekiyle birebir.,giyim
"Kargosu hızlı geldi, paketleme özenliydi.",giyim
"Kargosu hızlı geldi, paketleme özenliydi.",giyim
"Dikişleri sağlam, kaliteli hissettiriyor.",giyim
"Beden tam oldu, kalıbı düzgün.",giyim
"Kargosu hızlı geldi, paketleme özenliydi.",giyim
"Beden tam oldu, kalıbı düzgün.",giyim
"Kumaşı yumuşak, terletmiyor.",giyim
"Beden tam oldu, kalıbı düzgün.",giyim
"Dikişleri sağlam, kaliteli hissettiriyor.",giyim
"Kargosu hızlı geldi, paketleme özenliydi.",giyim
Renk görseldekiyle birebir.,giyim
"Kargosu hızlı geldi, paketleme özenliydi.",giyim
"Kargosu hızlı geldi, paketleme özenliydi.",giyim
"Beden tam oldu, kalıbı düzgün.",giyim
"Kumaşı yumuşak, terletmiyor.",giyim
Renk görseldekiyle birebir.,giyim
Renk görseldekiyle birebir.,giyim
"Dikişleri sağlam, kaliteli hissettiriyor.",giyim
"Kumaşı yumuşak, terletmiyor.",giyim
"Kumaşı yumuşak, terletmiyor.",giyim
"Kargosu hızlı geldi, paketleme özenliydi.",giyim
"Dikişleri sağlam, kaliteli hissettiriyor.",giyim
"Kumaşı yumuşak, terletmiyor.",giyim
"Dikişleri sağlam, kaliteli hissettiriyor.",giyim
"Kumaşı yumuşak, terletmiyor.",giyim
Renk görseldekiyle birebir.,giyim
Renk görseldekiyle birebir.,giyim
Renk görseldekiyle birebir.,giyim
Renk görseldekiyle birebir.,giyim
"Beden tam oldu, kalıbı düzgün.",giyim
"Kargosu hızlı geldi, paketleme özenliydi.",giyim
Renk görseldekiyle birebir.,giyim
"Beden tam oldu, kalıbı düzgün.",giyim
"Kumaşı yumuşak, terletmiyor.",giyim
"Kumaşı yumuşak, terletmiyor.",giyim
"Kargosu hızlı geldi, paketleme özenliydi.",giyim
"Kargosu hızlı geldi, paketleme özenliydi.",giyim
Renk görseldekiyle birebir.,giyim
Renk görseldekiyle birebir.,giyim
"Dikişleri sağlam, kaliteli hissettiriyor.",giyim
"Dikişleri sağlam, kaliteli hissettiriyor.",giyim
Renk görseldekiyle birebir.,giyim
"Kumaşı yumuşak, terletmiyor.",giyim
"Kargosu hızlı geldi, paketleme özenliydi.",giyim
"Kargosu hızlı geldi, paketleme özenliydi.",giyim
"Beden tam oldu, kalıbı düzgün.",giyim
"Beden tam oldu, kalıbı düzgün.",giyim
"Kumaşı yumuşak, terletmiyor.",giyim
Renk görseldekiyle birebir.,giyim
Renk görseldekiyle birebir.,giyim
"Beden tam oldu, kalıbı düzgün.",giyim
"Kargosu hızlı geldi, paketleme özenliydi.",giyim
"Kumaşı yumuşak, terletmiyor.",giyim
"Beden tam oldu, kalıbı düzgün.",giyim
"Beden tam oldu, kalıbı düzgün.",giyim
"Kumaşı yumuşak, terletmiyor.",giyim
"Kargosu hızlı geldi, paketleme özenliydi.",giyim
"Dikişleri sağlam, kaliteli hissettiriyor.",giyim
Renk görseldekiyle birebir.,giyim
"Kargosu hızlı geldi, paketleme özenliydi.",giyim
"Kumaşı yumuşak, terletmiyor.",giyim
Renk görseldekiyle birebir.,giyim
"Beden tam oldu, kalıbı düzgün.",giyim
"Dikişleri sağlam, kaliteli hissettiriyor.",giyim
"Beden tam oldu, kalıbı düzgün.",giyim
"Kumaşı yumuşak, terletmiyor.",giyim
"Kumaşı yumuşak, terletmiyor.",giyim
"Kumaşı yumuşak, terletmiyor.",giyim
Renk görseldekiyle birebir.,giyim
"Dikişleri sağlam, kaliteli hissettiriyor.",giyim
Renk görseldekiyle birebir.,giyim
"Kargosu hızlı geldi, paketleme özenliydi.",giyim
"Beden tam oldu, kalıbı düzgün.",giyim
"Kargosu hızlı geldi, paketleme özenliydi.",giyim
"Kargosu hızlı geldi, paketleme özenliydi.",giyim
Renk görseldekiyle birebir.,giyim
"Kumaşı yumuşak, terletmiyor.",giyim
"Beden tam oldu, kalıbı düzgün.",giyim
"Kumaşı yumuşak, terletmiyor.",giyim
"Kargosu hızlı geldi, paketleme özenliydi.",giyim
"Beden tam oldu, kalıbı düzgün.",giyim
"Beden tam oldu, kalıbı düzgün.",giyim
"Beden tam oldu, kalıbı düzgün.",giyim
Renk görseldekiyle birebir.,giyim
"Beden tam oldu, kalıbı düzgün.",giyim
Renk görseldekiyle birebir.,giyim
"Kargosu hızlı geldi, paketleme özenliydi.",giyim
"Beden tam oldu, kalıbı düzgün.",giyim
"Dikişleri sağlam, kaliteli hissettiriyor.",giyim
"Kumaşı yumuşak, terletmiyor.",giyim
"Kumaşı yumuşak, terletmiyor.",giyim
Renk görseldekiyle birebir.,giyim
"Dikişleri sağlam, kaliteli hissettiriyor.",giyim
"Beden tam oldu, kalıbı düzgün.",giyim
"Kargosu hızlı geldi, paketleme özenliydi.",giyim
"Kargosu hızlı geldi, paketleme özenliydi.",giyim
"Kargosu hızlı geldi, paketleme özenliydi.",giyim
"Beden tam oldu, kalıbı düzgün.",giyim
"Kumaşı yumuşak, terletmiyor.",giyim
Oyunlarda yüksek performans veriyor.,bilgisayar
"Ekran kartı güçlü, render alırken zorlanmıyor.",bilgisayar
"Klavyesi rahat, ışıklı olması avantaj.",bilgisayar
"Klavyesi rahat, ışıklı olması avantaj.",bilgisayar
Oyunlarda yüksek performans veriyor.,bilgisayar
"Ekran kartı güçlü, render alırken zorlanmıyor.",bilgisayar
Soğutma sistemi sessiz çalışıyor.,bilgisayar
Oyunlarda yüksek performans veriyor.,bilgisayar
Soğutma sistemi sessiz çalışıyor.,bilgisayar
SSD sayesinde hızlı açılıyor.,bilgisayar
"Ekran kartı güçlü, render alırken zorlanmıyor.",bilgisayar
SSD sayesinde hızlı açılıyor.,bilgisayar
SSD sayesinde hızlı açılıyor.,bilgisayar
Oyunlarda yüksek performans veriyor.,bilgisayar
"Klavyesi rahat, ışıklı olması avantaj.",bilgisayar
"Klavyesi rahat, ışıklı olması avantaj.",bilgisayar
"Klavyesi rahat, ışıklı olması avantaj.",bilgisayar
Oyunlarda yüksek performans veriyor.,bilgisayar
Oyunlarda yüksek performans veriyor.,bilgisayar
"Klavyesi rahat, ışıklı olması avantaj.",bilgisayar
SSD sayesinde hızlı açılıyor.,bilgisayar
SSD sayesinde hızlı açılıyor.,bilgisayar
SSD sayesinde hızlı açılıyor.,bilgisayar
Soğutma sistemi sessiz çalışıyor.,bilgisayar
Oyunlarda yüksek performans veriyor.,bilgisayar
"Klavyesi rahat, ışıklı olması avantaj.",bilgisayar
Soğutma sistemi sessiz çalışıyor.,bilgisayar
"Ekran kartı güçlü, render alırken zorlanmıyor.",bilgisayar
"Ekran kartı güçlü, render alırken zorlanmıyor.",bilgisayar
SSD sayesinde hızlı açılıyor.,bilgisayar
"Klavyesi rahat, ışıklı olması avantaj.",bilgisayar
Soğutma sistemi sessiz çalışıyor.,bilgisayar
"Klavyesi rahat, ışıklı olması avantaj.",bilgisayar
"Ekran kartı güçlü, render alırken zorlanmıyor.",bilgisayar
"Klavyesi rahat, ışıklı olması avantaj.",bilgisayar
"Ekran kartı güçlü, render alırken zorlanmıyor.",bilgisayar
"Ekran kartı güçlü, render alırken zorlanmıyor.",bilgisayar
Soğutma sistemi sessiz çalışıyor.,bilgisayar
Oyunlarda yüksek performans veriyor.,bilgisayar
"Ekran kartı güçlü, render alırken zorlanmıyor.",bilgisayar
Soğutma sistemi sessiz çalışıyor.,bilgisayar
Oyunlarda yüksek performans veriyor.,bilgisayar
Oyunlarda yüksek performans veriyor.,bilgisayar
Oyunlarda yüksek performans veriyor.,bilgisayar
"Klavyesi rahat, ışıklı olması avantaj.",bilgisayar
SSD sayesinde hızlı açılıyor.,bilgisayar
"Klavyesi rahat, ışıklı olması avantaj.",bilgisayar
SSD sayesinde hızlı açılıyor.,bilgisayar
Oyunlarda yüksek performans veriyor.,bilgisayar
"Ekran kartı güçlü, render alırken zorlanmıyor.",bilgisayar
Oyunlarda yüksek performans veriyor.,bilgisayar
SSD sayesinde hızlı açılıyor.,bilgisayar
"Ekran kartı güçlü, render alırken zorlanmıyor.",bilgisayar
"Ekran kartı güçlü, render alırken zorlanmıyor.",bilgisayar
Oyunlarda yüksek performans veriyor.,bilgisayar
SSD sayesinde hızlı açılıyor.,bilgisayar
SSD sayesinde hızlı açılıyor.,bilgisayar
Oyunlarda yüksek performans veriyor.,bilgisayar
Oyunlarda yüksek performans veriyor.,bilgisayar
Oyunlarda yüksek performans veriyor.,bilgisayar
Oyunlarda yüksek performans veriyor.,bilgisayar
Oyunlarda yüksek performans veriyor.,bilgisayar
"Ekran kartı güçlü, render alırken zorlanmıyor.",bilgisayar
"Ekran kartı güçlü, render alırken zorlanmıyor.",bilgisayar
Oyunlarda yüksek performans veriyor.,bilgisayar
Soğutma sistemi sessiz çalışıyor.,bilgisayar
"Ekran kartı güçlü, render alırken zorlanmıyor.",bilgisayar
Oyunlarda yüksek performans veriyor.,bilgisayar
Soğutma sistemi sessiz çalışıyor.,bilgisayar
"Klavyesi rahat, ışıklı olması avantaj.",bilgisayar
Oyunlarda yüksek performans veriyor.,bilgisayar
"Ekran kartı güçlü, render alırken zorlanmıyor.",bilgisayar
"Ekran kartı güçlü, render alırken zorlanmıyor.",bilgisayar
"Ekran kartı güçlü, render alırken zorlanmıyor.",bilgisayar
"Klavyesi rahat, ışıklı olması avantaj.",bilgisayar
"Klavyesi rahat, ışıklı olması avantaj.",bilgisayar
Oyunlarda yüksek performans veriyor.,bilgisayar
SSD sayesinde hızlı açılıyor.,bilgisayar
"Klavyesi rahat, ışıklı olması avantaj.",bilgisayar
"Ekran kartı güçlü, render alırken zorlanmıyor.",bilgisayar
"Ekran kartı güçlü, render alırken zorlanmıyor.",bilgisayar
Soğutma sistemi sessiz çalışıyor.,bilgisayar
"Klavyesi rahat, ışıklı olması avantaj.",bilgisayar
Oyunlarda yüksek performans veriyor.,bilgisayar
"Ekran kartı güçlü, render alırken zorlanmıyor.",bilgisayar
"Klavyesi rahat, ışıklı olması avantaj.",bilgisayar
Oyunlarda yüksek performans veriyor.,bilgisayar
Soğutma sistemi sessiz çalışıyor.,bilgisayar
"Ekran kartı güçlü, render alırken zorlanmıyor.",bilgisayar
SSD sayesinde hızlı açılıyor.,bilgisayar
"Klavyesi rahat, ışıklı olması avantaj.",bilgisayar
Soğutma sistemi sessiz çalışıyor.,bilgisayar
"Klavyesi rahat, ışıklı olması avantaj.",bilgisayar
"Klavyesi rahat, ışıklı olması avantaj.",bilgisayar
"Klavyesi rahat, ışıklı olması avantaj.",bilgisayar
Oyunlarda yüksek performans veriyor.,bilgisayar
SSD sayesinde hızlı açılıyor.,bilgisayar
Soğutma sistemi sessiz çalışıyor.,bilgisayar
SSD sayesinde hızlı açılıyor.,bilgisayar
"Ekran kartı güçlü, render alırken zorlanmıyor.",bilgisayar
Oyunlarda yüksek performans veriyor.,bilgisayar
"Klavyesi rahat, ışıklı olması avantaj.",bilgisayar
Soğutma sistemi sessiz çalışıyor.,bilgisayar
"Klavyesi rahat, ışıklı olması avantaj.",bilgisayar
"Ekran kartı güçlü, render alırken zorlanmıyor.",bilgisayar
Oyunlarda yüksek performans veriyor.,bilgisayar
Soğutma sistemi sessiz çalışıyor.,bilgisayar
"Ekran kartı güçlü, render alırken zorlanmıyor.",bilgisayar
"Klavyesi rahat, ışıklı olması avantaj.",bilgisayar
"Ekran kartı güçlü, render alırken zorlanmıyor.",bilgisayar
Soğutma sistemi sessiz çalışıyor.,bilgisayar
"Ekran kartı güçlü, render alırken zorlanmıyor.",bilgisayar
SSD sayesinde hızlı açılıyor.,bilgisayar
"Klavyesi rahat, ışıklı olması avantaj.",bilgisayar
SSD sayesinde hızlı açılıyor.,bilgisayar
Soğutma sistemi sessiz çalışıyor.,bilgisayar
"Ekran kartı güçlü, render alırken zorlanmıyor.",bilgisayar
Oyunlarda yüksek performans veriyor.,bilgisayar
"Ekran kartı güçlü, render alırken zorlanmıyor.",bilgisayar
Oyunlarda yüksek performans veriyor.,bilgisayar
"Ekran kartı güçlü, render alırken zorlanmıyor.",bilgisayar
Oyunlarda yüksek performans veriyor.,bilgisayar
"Ekran kartı güçlü, render alırken zorlanmıyor.",bilgisayar
"Klavyesi rahat, ışıklı olması avantaj.",bilgisayar
Soğutma sistemi sessiz çalışıyor.,bilgisayar
"Ekran kartı güçlü, render alırken zorlanmıyor.",bilgisayar
SSD sayesinde hızlı açılıyor.,bilgisayar
"Ekran kartı güçlü, render alırken zorlanmıyor.",bilgisayar
"Klavyesi rahat, ışıklı olması avantaj.",bilgisayar
"Klavyesi rahat, ışıklı olması avantaj.",bilgisayar
Oyunlarda yüksek performans veriyor.,bilgisayar
"Ekran kartı güçlü, render alırken zorlanmıyor.",bilgisayar
"Ekran kartı güçlü, render alırken zorlanmıyor.",bilgisayar
Soğutma sistemi sessiz çalışıyor.,bilgisayar
SSD sayesinde hızlı açılıyor.,bilgisayar
"Klavyesi rahat, ışıklı olması avantaj.",bilgisayar
Oyunlarda yüksek performans veriyor.,bilgisayar
Soğutma sistemi sessiz çalışıyor.,bilgisayar
Oyunlarda yüksek performans veriyor.,bilgisayar
Soğutma sistemi sessiz çalışıyor.,bilgisayar
Soğutma sistemi sessiz çalışıyor.,bilgisayar
Soğutma sistemi sessiz çalışıyor.,bilgisayar
Soğutma sistemi sessiz çalışıyor.,bilgisayar
"Klavyesi rahat, ışıklı olması avantaj.",bilgisayar
"Klavyesi rahat, ışıklı olması avantaj.",bilgisayar
SSD sayesinde hızlı açılıyor.,bilgisayar
Soğutma sistemi sessiz çalışıyor.,bilgisayar
"Klavyesi rahat, ışıklı olması avantaj.",bilgisayar
SSD sayesinde hızlı açılıyor.,bilgisayar
Oyunlarda yüksek performans veriyor.,bilgisayar
SSD sayesinde hızlı açılıyor.,bilgisayar
Oyunlarda yüksek performans veriyor.,bilgisayar
SSD sayesinde hızlı açılıyor.,bilgisayar
"Ekran kartı güçlü, render alırken zorlanmıyor.",bilgisayar
Soğutma sistemi sessiz çalışıyor.,bilgisayar
Soğutma sistemi sessiz çalışıyor.,bilgisayar
Oyunlarda yüksek performans veriyor.,bilgisayar
Oyunlarda yüksek performans veriyor.,bilgisayar
"Klavyesi rahat, ışıklı olması avantaj.",bilgisayar
Oyunlarda yüksek performans veriyor.,bilgisayar
"Klavyesi rahat, ışıklı olması avantaj.",bilgisayar
SSD sayesinde hızlı açılıyor.,bilgisayar
"Klavyesi rahat, ışıklı olması avantaj.",bilgisayar
"Ekran kartı güçlü, render alırken zorlanmıyor.",bilgisayar
Oyunlarda yüksek performans veriyor.,bilgisayar
SSD sayesinde hızlı açılıyor.,bilgisayar
"Klavyesi rahat, ışıklı olması avantaj.",bilgisayar
Soğutma sistemi sessiz çalışıyor.,bilgisayar
SSD sayesinde hızlı açılıyor.,bilgisayar
Oyunlarda yüksek performans veriyor.,bilgisayar
"Ekran kartı güçlü, render alırken zorlanmıyor.",bilgisayar
"Klavyesi rahat, ışıklı olması avantaj.",bilgisayar
"Klavyesi rahat, ışıklı olması avantaj.",bilgisayar
Oyunlarda yüksek performans veriyor.,bilgisayar
"Klavyesi rahat, ışıklı olması avantaj.",bilgisayar
Soğutma sistemi sessiz çalışıyor.,bilgisayar
"Ekran kartı güçlü, render alırken zorlanmıyor.",bilgisayar
Oyunlarda yüksek performans veriyor.,bilgisayar
"Ekran kartı güçlü, render alırken zorlanmıyor.",bilgisayar
Soğutma sistemi sessiz çalışıyor.,bilgisayar
Oyunlarda yüksek performans veriyor.,bilgisayar
Soğutma sistemi sessiz çalışıyor.,bilgisayar
Soğutma sistemi sessiz çalışıyor.,bilgisayar
"Klavyesi rahat, ışıklı olması avantaj.",bilgisayar
"Klavyesi rahat, ışıklı olması avantaj.",bilgisayar
"Klavyesi rahat, ışıklı olması avantaj.",bilgisayar
"Klavyesi rahat, ışıklı olması avantaj.",bilgisayar
Soğutma sistemi sessiz çalışıyor.,bilgisayar
Oyunlarda yüksek performans veriyor.,bilgisayar
Oyunlarda yüksek performans veriyor.,bilgisayar
"Klavyesi rahat, ışıklı olması avantaj.",bilgisayar
SSD sayesinde hızlı açılıyor.,bilgisayar
"Klavyesi rahat, ışıklı olması avantaj.",bilgisayar
"Klavyesi rahat, ışıklı olması avantaj.",bilgisayar
Soğutma sistemi sessiz çalışıyor.,bilgisayar
Soğutma sistemi sessiz çalışıyor.,bilgisayar
SSD sayesinde hızlı açılıyor.,bilgisayar
"Ekran kartı güçlü, render alırken zorlanmıyor.",bilgisayar
Soğutma sistemi sessiz çalışıyor.,bilgisayar
Soğutma sistemi sessiz çalışıyor.,bilgisayar
